ip,endpoint,status,timestamp,execution_time,rows_scanned,joins_count
10.0.96.151,/api/data,200,2026-03-21 21:08:43.172323,526,,4.0
172.16.189.249,/search,200,2026-03-21 21:08:43.569851,557,2035.0,
192.168.175.153,/checkout,200,2026-03-21 21:08:43.880855,419,328.0,4.0
172.16.28.191,/login,200,2026-03-21 21:08:43.880855,596,1151.0,2.0
192.168.136.155,/profile,200,2026-03-21 21:08:44.063920,596,,3.0
172.16.52.118,/profile,200,2026-03-21 21:08:44.063920,592,,
10.0.135.194,/search,200,2026-03-21 21:08:44.334408,418,4294.0,
192.168.33.141,/api/data,500,2026-03-21 21:08:44.334408,158,,3.0
192.168.110.92,/login,200,2026-03-21 21:08:44.334408,672,2527.0,5.0
10.0.40.205,/api/data,500,2026-03-21 21:08:44.334408,383,,5.0
172.16.226.204,/profile,500,2026-03-21 21:08:44.673900,858,,1.0
10.0.132.164,/api/data,200,2026-03-21 21:08:44.673900,387,2804.0,
192.168.193.48,/checkout,200,2026-03-21 21:08:44.673900,448,3319.0,3.0
172.16.217.18,/search,200,2026-03-21 21:08:44.673900,775,,1.0
192.168.94.31,/profile,200,2026-03-21 21:08:45.071362,387,577.0,
192.168.17.70,/search,500,2026-03-21 21:08:45.071362,333,,
192.168.44.15,/api/data,200,2026-03-21 21:08:45.071362,343,3073.0,4.0
192.168.109.231,/search,200,2026-03-21 21:08:45.071362,211,2894.0,
172.16.153.151,/login,200,2026-03-21 21:08:45.458410,698,,1.0
10.0.104.60,/api/data,200,2026-03-21 21:08:45.765765,353,2481.0,4.0
10.0.91.188,/login,200,2026-03-21 21:08:45.765765,594,401.0,4.0
172.16.60.209,/login,500,2026-03-21 21:08:46.164512,580,,
10.0.3.200,/login,200,2026-03-21 21:08:46.164512,438,,2.0
192.168.96.242,/checkout,200,2026-03-21 21:08:46.335411,499,3341.0,3.0
10.0.120.138,/profile,404,2026-03-21 21:08:46.335411,396,,
192.168.184.180,/checkout,200,2026-03-21 21:08:46.335411,629,,
172.16.195.20,/login,200,2026-03-21 21:08:46.335411,580,1480.0,2.0
192.168.89.108,/profile,200,2026-03-21 21:08:46.335411,566,,2.0
10.0.62.62,/login,200,2026-03-21 21:08:46.675117,464,,1.0
10.0.13.84,/search,200,2026-03-21 21:08:46.675117,440,3333.0,4.0
172.16.156.14,/search,200,2026-03-21 21:08:46.675117,646,3610.0,
10.0.174.31,/login,500,2026-03-21 21:08:46.675117,368,2836.0,3.0
192.168.164.207,/login,500,2026-03-21 21:08:47.025942,529,,
192.168.172.240,/search,200,2026-03-21 21:08:47.025942,204,3177.0,
192.168.166.63,/login,200,2026-03-21 21:08:47.027956,445,1095.0,2.0
10.0.184.142,/profile,200,2026-03-21 21:08:47.027956,531,1445.0,4.0
192.168.221.148,/login,200,2026-03-21 21:08:47.406243,314,2637.0,
10.0.161.7,/login,200,2026-03-21 21:08:47.406243,332,,
10.0.61.106,/api/data,200,2026-03-21 21:08:47.406243,503,1384.0,
172.16.66.10,/login,200,2026-03-21 21:08:47.709866,615,,5.0
172.16.13.185,/checkout,200,2026-03-21 21:08:47.709866,921,1310.0,
172.16.147.28,/profile,200,2026-03-21 21:08:47.709866,580,,1.0
10.0.209.176,/api/data,200,2026-03-21 21:08:47.709866,644,,
172.16.187.49,/profile,200,2026-03-21 21:08:48.091058,543,4777.0,2.0
10.0.190.64,/login,200,2026-03-21 21:08:48.393902,478,,1.0
172.16.240.71,/checkout,500,2026-03-21 21:08:48.543462,642,2578.0,3.0
192.168.168.195,/checkout,500,2026-03-21 21:08:48.543462,390,,1.0
172.16.93.155,/checkout,200,2026-03-21 21:08:48.543462,594,4490.0,
192.168.50.129,/profile,200,2026-03-21 21:08:48.543462,532,,
172.16.50.86,/profile,404,2026-03-21 21:08:48.543462,693,796.0,5.0
10.0.196.140,/search,200,2026-03-21 21:08:48.834019,876,2826.0,
192.168.150.232,/profile,200,2026-03-21 21:08:49.079675,616,,
172.16.95.254,/profile,200,2026-03-21 21:08:49.197842,507,,
192.168.77.118,/api/data,500,2026-03-21 21:08:49.197842,129,,1.0
192.168.111.227,/checkout,500,2026-03-21 21:08:49.197842,249,2445.0,5.0
10.0.231.39,/api/data,200,2026-03-21 21:08:49.197842,540,2096.0,
10.0.95.220,/search,200,2026-03-21 21:08:49.552302,499,,1.0
192.168.102.154,/checkout,200,2026-03-21 21:08:49.552302,335,,3.0
172.16.244.26,/search,404,2026-03-21 21:08:49.552302,720,,2.0
192.168.29.168,/checkout,200,2026-03-21 21:08:49.552302,473,1206.0,4.0
10.0.145.107,/login,200,2026-03-21 21:08:49.920652,349,335.0,5.0
10.0.110.120,/checkout,200,2026-03-21 21:08:50.142953,588,,1.0
10.0.210.52,/search,200,2026-03-21 21:08:50.364342,667,4895.0,
172.16.137.177,/checkout,200,2026-03-21 21:08:50.364789,873,,3.0
172.16.236.135,/api/data,200,2026-03-21 21:08:50.763448,316,3479.0,4.0
192.168.148.248,/profile,200,2026-03-21 21:08:50.763448,374,,
172.16.91.222,/login,404,2026-03-21 21:08:51.162043,617,4378.0,4.0
172.16.180.115,/search,404,2026-03-21 21:08:51.162043,694,3634.0,5.0
192.168.127.229,/checkout,500,2026-03-21 21:08:51.162043,544,,
10.0.253.33,/api/data,200,2026-03-21 21:08:51.162043,350,,
172.16.87.184,/login,200,2026-03-21 21:08:51.464204,880,,
172.16.176.154,/search,500,2026-03-21 21:08:51.464204,683,,5.0
192.168.69.11,/api/data,200,2026-03-21 21:08:51.464204,186,2368.0,5.0
172.16.231.218,/checkout,200,2026-03-21 21:08:51.672510,548,,3.0
192.168.115.123,/search,500,2026-03-21 21:08:51.672510,407,477.0,
172.16.84.170,/checkout,200,2026-03-21 21:08:51.921109,634,3902.0,1.0
192.168.158.76,/api/data,500,2026-03-21 21:08:51.921109,600,4223.0,2.0
172.16.161.212,/login,200,2026-03-21 21:08:51.921109,434,4736.0,1.0
172.16.163.96,/api/data,200,2026-03-21 21:08:51.921109,600,4010.0,
192.168.222.25,/profile,200,2026-03-21 21:08:52.248045,447,4852.0,5.0
172.16.29.143,/checkout,200,2026-03-21 21:08:52.248045,642,,4.0
192.168.133.132,/login,200,2026-03-21 21:08:52.248045,110,1156.0,
172.16.194.60,/search,200,2026-03-21 21:08:52.542465,656,4548.0,3.0
192.168.105.152,/search,200,2026-03-21 21:08:52.772593,105,4785.0,
192.168.167.109,/checkout,404,2026-03-21 21:08:53.048656,414,2465.0,4.0
10.0.20.211,/login,200,2026-03-21 21:08:53.048656,566,,
192.168.35.142,/api/data,500,2026-03-21 21:08:53.048656,316,3672.0,4.0
10.0.51.79,/search,200,2026-03-21 21:08:53.048656,652,,4.0
10.0.84.242,/checkout,200,2026-03-21 21:08:53.048656,288,,
10.0.158.157,/api/data,200,2026-03-21 21:08:53.395498,368,,5.0
10.0.67.96,/profile,200,2026-03-21 21:08:53.395498,663,,
172.16.225.254,/profile,200,2026-03-21 21:08:53.395498,744,,5.0
172.16.242.6,/api/data,200,2026-03-21 21:08:53.757805,663,226.0,1.0
192.168.166.35,/search,200,2026-03-21 21:08:53.757805,478,2588.0,
172.16.50.48,/api/data,404,2026-03-21 21:08:53.954578,881,,
10.0.20.153,/search,200,2026-03-21 21:08:53.954578,556,299.0,
192.168.118.10,/checkout,200,2026-03-21 21:08:54.266380,572,302.0,4.0
192.168.198.98,/profile,200,2026-03-21 21:08:54.266380,453,,2.0
172.16.242.35,/login,500,2026-03-21 21:08:54.386408,646,,
10.0.168.114,/search,200,2026-03-21 21:08:54.386408,534,,
10.0.169.234,/search,404,2026-03-21 21:08:54.386408,766,4307.0,1.0
192.168.57.107,/api/data,200,2026-03-21 21:08:54.510801,245,,
192.168.168.199,/profile,200,2026-03-21 21:08:54.510801,463,2180.0,
192.168.238.134,/search,200,2026-03-21 21:08:54.510801,250,,
192.168.5.129,/api/data,404,2026-03-21 21:08:54.820520,176,3632.0,
172.16.96.43,/profile,200,2026-03-21 21:08:54.820520,667,,3.0
172.16.46.251,/api/data,200,2026-03-21 21:08:54.820520,582,1800.0,4.0
172.16.91.33,/search,200,2026-03-21 21:08:54.820520,666,,
10.0.79.246,/profile,500,2026-03-21 21:08:55.102902,758,4497.0,4.0
10.0.31.35,/api/data,200,2026-03-21 21:08:55.331718,732,,
172.16.54.109,/login,200,2026-03-21 21:08:55.634935,447,3412.0,4.0
192.168.66.33,/login,500,2026-03-21 21:08:55.634935,321,,4.0
172.16.121.72,/profile,200,2026-03-21 21:08:55.785232,574,,
172.16.11.131,/checkout,200,2026-03-21 21:08:55.785232,845,,1.0
10.0.128.149,/checkout,500,2026-03-21 21:08:55.785232,502,213.0,2.0
10.0.42.67,/search,200,2026-03-21 21:08:55.785232,655,1037.0,
172.16.35.213,/profile,500,2026-03-21 21:08:55.785232,548,,
10.0.26.21,/search,200,2026-03-21 21:08:56.144225,641,,
10.0.65.246,/login,200,2026-03-21 21:08:56.494078,597,,2.0
192.168.104.236,/login,200,2026-03-21 21:08:56.494078,502,1819.0,3.0
192.168.129.183,/search,200,2026-03-21 21:08:56.494078,395,4133.0,
10.0.113.81,/search,200,2026-03-21 21:08:56.494078,451,,2.0
192.168.44.162,/checkout,200,2026-03-21 21:08:56.777770,363,,1.0
172.16.214.226,/search,200,2026-03-21 21:08:56.777770,791,1996.0,
10.0.88.249,/api/data,200,2026-03-21 21:08:56.896810,709,796.0,1.0
192.168.53.10,/profile,200,2026-03-21 21:08:56.896810,357,,
192.168.116.79,/checkout,200,2026-03-21 21:08:57.280305,159,,
172.16.99.216,/checkout,500,2026-03-21 21:08:57.280305,431,4025.0,
172.16.176.95,/api/data,200,2026-03-21 21:08:57.280305,636,,3.0
10.0.52.201,/api/data,500,2026-03-21 21:08:57.526053,646,,1.0
10.0.201.39,/checkout,200,2026-03-21 21:08:57.526053,597,,5.0
192.168.128.33,/profile,500,2026-03-21 21:08:57.526053,93,1731.0,
10.0.146.172,/login,200,2026-03-21 21:08:57.526053,336,4607.0,4.0
192.168.234.53,/search,200,2026-03-21 21:08:57.805947,348,4324.0,
172.16.183.177,/checkout,404,2026-03-21 21:08:57.805947,556,4856.0,4.0
192.168.63.128,/checkout,200,2026-03-21 21:08:57.805947,449,,
192.168.254.215,/login,500,2026-03-21 21:08:57.954896,427,1679.0,2.0
192.168.25.3,/api/data,200,2026-03-21 21:08:57.954896,313,1516.0,
10.0.82.141,/api/data,500,2026-03-21 21:08:57.954896,782,488.0,
10.0.26.160,/checkout,200,2026-03-21 21:08:58.121485,378,,4.0
192.168.2.46,/api/data,200,2026-03-21 21:08:58.232536,354,,
192.168.125.31,/login,200,2026-03-21 21:08:58.495595,419,,1.0
192.168.50.49,/api/data,200,2026-03-21 21:08:58.495595,415,4206.0,
192.168.2.12,/profile,500,2026-03-21 21:08:58.495595,270,,2.0
172.16.148.231,/search,200,2026-03-21 21:08:58.640597,810,,3.0
192.168.187.47,/search,200,2026-03-21 21:08:58.640597,215,1847.0,4.0
10.0.117.216,/login,200,2026-03-21 21:08:58.640597,63,2057.0,
192.168.34.84,/login,500,2026-03-21 21:08:58.640597,280,2149.0,
172.16.230.44,/checkout,200,2026-03-21 21:08:58.752566,459,3462.0,2.0
172.16.63.34,/login,200,2026-03-21 21:08:58.752566,633,3135.0,
192.168.234.105,/login,200,2026-03-21 21:08:58.752566,446,,
10.0.26.70,/api/data,500,2026-03-21 21:08:58.752566,616,,
10.0.174.22,/api/data,200,2026-03-21 21:08:58.752566,299,,
172.16.183.68,/checkout,200,2026-03-21 21:08:58.943574,624,4871.0,4.0
172.16.168.68,/api/data,200,2026-03-21 21:08:59.235013,770,1598.0,
10.0.196.187,/login,200,2026-03-21 21:08:59.235013,349,2055.0,1.0
172.16.107.202,/api/data,404,2026-03-21 21:08:59.235013,349,,2.0
172.16.159.15,/profile,200,2026-03-21 21:08:59.235013,666,,
10.0.131.205,/login,404,2026-03-21 21:08:59.235013,570,1455.0,
192.168.160.78,/api/data,200,2026-03-21 21:08:59.516787,311,135.0,5.0
192.168.250.235,/checkout,200,2026-03-21 21:08:59.516787,237,,4.0
10.0.126.232,/checkout,404,2026-03-21 21:08:59.516787,478,,4.0
10.0.3.110,/checkout,200,2026-03-21 21:08:59.829835,506,,1.0
192.168.93.99,/login,200,2026-03-21 21:08:59.980179,495,4152.0,
192.168.75.206,/api/data,200,2026-03-21 21:09:00.153276,244,,
10.0.187.26,/api/data,404,2026-03-21 21:09:00.153276,631,,
172.16.249.78,/checkout,200,2026-03-21 21:09:00.153276,670,,
192.168.211.184,/search,200,2026-03-21 21:09:00.153276,406,1628.0,
172.16.180.247,/api/data,200,2026-03-21 21:09:00.337907,462,,
192.168.197.252,/profile,200,2026-03-21 21:09:00.337907,367,144.0,
10.0.158.78,/checkout,500,2026-03-21 21:09:00.637750,565,,
172.16.83.88,/search,200,2026-03-21 21:09:00.637750,386,,2.0
192.168.216.197,/checkout,200,2026-03-21 21:09:00.856545,280,,5.0
192.168.60.137,/search,200,2026-03-21 21:09:00.856545,430,2606.0,
192.168.169.24,/api/data,200,2026-03-21 21:09:01.251067,81,,
10.0.21.74,/profile,200,2026-03-21 21:09:01.251067,373,1940.0,
172.16.64.170,/login,200,2026-03-21 21:09:01.405648,528,2675.0,
172.16.35.25,/api/data,200,2026-03-21 21:09:01.405648,606,4852.0,4.0
10.0.247.87,/profile,404,2026-03-21 21:09:01.405648,306,,
10.0.247.13,/checkout,200,2026-03-21 21:09:01.764630,470,4906.0,
192.168.235.130,/profile,200,2026-03-21 21:09:01.764630,459,3084.0,
172.16.86.82,/search,200,2026-03-21 21:09:01.764630,605,585.0,
192.168.28.153,/api/data,200,2026-03-21 21:09:02.122507,234,,
172.16.190.135,/search,200,2026-03-21 21:09:02.122507,691,,
172.16.253.135,/api/data,404,2026-03-21 21:09:02.122507,581,,
10.0.249.209,/search,200,2026-03-21 21:09:02.321684,440,4849.0,3.0
10.0.52.198,/api/data,200,2026-03-21 21:09:02.465973,685,304.0,3.0
172.16.5.251,/api/data,200,2026-03-21 21:09:02.465973,739,2769.0,2.0
172.16.173.78,/search,200,2026-03-21 21:09:02.465973,986,,2.0
10.0.199.87,/api/data,200,2026-03-21 21:09:02.465973,639,,
172.16.253.213,/checkout,200,2026-03-21 21:09:02.600124,579,,4.0
10.0.78.108,/login,200,2026-03-21 21:09:02.744346,243,4160.0,3.0
192.168.194.168,/login,404,2026-03-21 21:09:02.963892,202,,
192.168.244.198,/login,200,2026-03-21 21:09:03.279404,311,1301.0,2.0
192.168.81.231,/search,404,2026-03-21 21:09:03.279404,342,805.0,
192.168.171.37,/api/data,200,2026-03-21 21:09:03.279404,561,,
10.0.33.188,/profile,200,2026-03-21 21:09:03.477425,148,1495.0,3.0
172.16.188.75,/search,200,2026-03-21 21:09:03.477425,566,1541.0,
10.0.247.171,/profile,404,2026-03-21 21:09:03.655438,743,,1.0
10.0.152.235,/search,404,2026-03-21 21:09:03.655438,300,3399.0,2.0
172.16.42.122,/checkout,500,2026-03-21 21:09:03.655438,448,102.0,
192.168.69.104,/search,200,2026-03-21 21:09:03.761959,364,,5.0
10.0.6.213,/search,200,2026-03-21 21:09:03.761959,475,,
172.16.190.119,/search,200,2026-03-21 21:09:03.761959,566,3192.0,
10.0.234.159,/profile,200,2026-03-21 21:09:04.206975,667,4144.0,
192.168.230.209,/search,404,2026-03-21 21:09:04.206975,339,2935.0,
192.168.116.228,/profile,200,2026-03-21 21:09:04.611727,401,,5.0
172.16.68.220,/search,200,2026-03-21 21:09:04.611727,738,,5.0
192.168.82.6,/api/data,200,2026-03-21 21:09:04.611727,519,2981.0,5.0
192.168.130.36,/profile,200,2026-03-21 21:09:04.611727,574,4763.0,
10.0.39.35,/search,200,2026-03-21 21:09:04.738215,389,4966.0,
172.16.216.11,/search,500,2026-03-21 21:09:04.738215,352,,2.0
192.168.64.195,/checkout,200,2026-03-21 21:09:04.998480,212,4757.0,3.0
192.168.244.55,/api/data,200,2026-03-21 21:09:05.258509,465,,2.0
172.16.13.201,/search,404,2026-03-21 21:09:05.497741,490,,
192.168.169.183,/search,200,2026-03-21 21:09:05.497741,448,1922.0,
172.16.141.163,/profile,200,2026-03-21 21:09:05.612526,823,281.0,1.0
172.16.43.246,/login,200,2026-03-21 21:09:05.612526,571,4115.0,3.0
10.0.93.164,/login,200,2026-03-21 21:09:05.612526,298,,
10.0.139.236,/search,404,2026-03-21 21:09:05.933222,473,4232.0,
172.16.212.61,/login,200,2026-03-21 21:09:05.933222,476,728.0,
192.168.22.33,/profile,200,2026-03-21 21:09:05.933222,233,,1.0
10.0.116.5,/login,200,2026-03-21 21:09:05.933222,403,3865.0,5.0
192.168.65.29,/login,200,2026-03-21 21:09:05.933222,307,1544.0,5.0
192.168.135.44,/profile,404,2026-03-21 21:09:06.182666,278,2458.0,3.0
10.0.231.96,/api/data,200,2026-03-21 21:09:06.183769,581,,3.0
192.168.153.151,/api/data,500,2026-03-21 21:09:06.183769,422,,
192.168.119.114,/api/data,404,2026-03-21 21:09:06.480414,291,3028.0,
10.0.23.218,/profile,200,2026-03-21 21:09:06.480414,481,,4.0
10.0.97.100,/search,200,2026-03-21 21:09:06.480414,632,,
172.16.34.5,/profile,200,2026-03-21 21:09:06.480414,663,,
10.0.83.113,/search,200,2026-03-21 21:09:06.650205,584,2859.0,1.0
10.0.157.1,/login,200,2026-03-21 21:09:06.650205,495,4905.0,4.0
172.16.95.38,/checkout,200,2026-03-21 21:09:06.773381,404,,
10.0.248.147,/profile,200,2026-03-21 21:09:06.773381,669,3331.0,5.0
172.16.182.156,/login,200,2026-03-21 21:09:06.773381,717,4174.0,1.0
192.168.55.29,/login,404,2026-03-21 21:09:06.938502,195,2542.0,3.0
172.16.29.225,/profile,200,2026-03-21 21:09:06.938502,359,,5.0
172.16.148.159,/profile,200,2026-03-21 21:09:07.194677,700,,3.0
192.168.198.43,/search,200,2026-03-21 21:09:07.194677,106,,
172.16.72.21,/login,200,2026-03-21 21:09:07.194677,483,,
10.0.41.85,/profile,500,2026-03-21 21:09:07.194677,355,4050.0,
10.0.38.152,/checkout,404,2026-03-21 21:09:07.516891,479,,1.0
192.168.92.242,/checkout,200,2026-03-21 21:09:07.516891,324,,
192.168.58.33,/api/data,200,2026-03-21 21:09:07.516891,330,,5.0
172.16.110.120,/profile,200,2026-03-21 21:09:07.516891,724,4677.0,
10.0.13.219,/api/data,200,2026-03-21 21:09:07.826143,308,1416.0,
172.16.113.37,/search,200,2026-03-21 21:09:07.826143,556,3129.0,1.0
192.168.42.203,/checkout,200,2026-03-21 21:09:08.420487,184,3534.0,
10.0.176.84,/checkout,200,2026-03-21 21:09:08.698557,516,1194.0,5.0
10.0.69.40,/profile,200,2026-03-21 21:09:08.698557,559,,
172.16.3.139,/search,200,2026-03-21 21:09:09.100425,679,1795.0,
192.168.140.195,/checkout,200,2026-03-21 21:09:09.300060,409,83.0,
192.168.148.114,/checkout,200,2026-03-21 21:09:09.300060,355,1744.0,
172.16.22.3,/checkout,404,2026-03-21 21:09:09.300060,770,3436.0,3.0
10.0.100.1,/checkout,200,2026-03-21 21:09:09.300060,638,,
172.16.138.106,/login,200,2026-03-21 21:09:09.644522,790,,1.0
10.0.66.237,/login,200,2026-03-21 21:09:09.644522,294,1663.0,
10.0.84.97,/api/data,200,2026-03-21 21:09:09.644522,485,4316.0,2.0
172.16.137.166,/checkout,200,2026-03-21 21:09:09.644522,686,4130.0,
172.16.60.229,/login,200,2026-03-21 21:09:09.858697,685,1071.0,
192.168.167.199,/profile,200,2026-03-21 21:09:10.212684,333,,5.0
172.16.47.7,/checkout,200,2026-03-21 21:09:10.492624,480,,
10.0.158.7,/api/data,200,2026-03-21 21:09:10.740412,263,1241.0,
10.0.114.38,/search,200,2026-03-21 21:09:10.878494,455,522.0,
172.16.68.98,/profile,200,2026-03-21 21:09:10.878494,600,4482.0,5.0
172.16.148.207,/search,200,2026-03-21 21:09:10.878494,688,2973.0,
172.16.68.6,/api/data,200,2026-03-21 21:09:10.878494,599,1205.0,
192.168.46.92,/profile,200,2026-03-21 21:09:11.036897,358,,5.0
192.168.184.148,/checkout,200,2026-03-21 21:09:11.036897,533,823.0,4.0
192.168.136.253,/login,200,2026-03-21 21:09:11.036897,470,2852.0,5.0
172.16.32.68,/checkout,200,2026-03-21 21:09:11.239137,659,,
172.16.240.46,/profile,200,2026-03-21 21:09:11.361558,675,1608.0,1.0
192.168.100.211,/checkout,200,2026-03-21 21:09:11.361558,344,1177.0,4.0
192.168.138.25,/profile,200,2026-03-21 21:09:11.603050,741,,3.0
10.0.61.196,/profile,200,2026-03-21 21:09:11.603050,347,4797.0,5.0
172.16.179.91,/search,200,2026-03-21 21:09:11.603050,684,3153.0,
192.168.183.134,/search,500,2026-03-21 21:09:11.963358,415,1210.0,
192.168.137.114,/checkout,404,2026-03-21 21:09:11.963358,460,,
172.16.40.190,/login,200,2026-03-21 21:09:11.963358,766,,5.0
10.0.87.213,/search,200,2026-03-21 21:09:11.963358,424,,2.0
192.168.241.86,/login,404,2026-03-21 21:09:12.493285,564,3978.0,
192.168.165.123,/api/data,200,2026-03-21 21:09:12.493285,112,2037.0,5.0
172.16.79.3,/api/data,200,2026-03-21 21:09:12.493285,490,3401.0,5.0
10.0.186.82,/checkout,200,2026-03-21 21:09:12.493285,616,,4.0
10.0.228.131,/checkout,500,2026-03-21 21:09:12.738014,443,,
192.168.204.229,/search,200,2026-03-21 21:09:12.738014,360,779.0,
172.16.250.155,/login,404,2026-03-21 21:09:12.738014,258,2823.0,
192.168.251.47,/search,200,2026-03-21 21:09:33.123736,507,,2.0
192.168.31.64,/profile,200,2026-03-21 21:09:33.124406,308,,4.0
10.0.126.115,/search,200,2026-03-21 21:09:33.462890,777,,
172.16.152.177,/checkout,500,2026-03-21 21:09:33.462890,659,,5.0
192.168.70.47,/checkout,404,2026-03-21 21:09:33.462890,263,342.0,5.0
172.16.104.170,/login,500,2026-03-21 21:09:33.647668,531,1640.0,
192.168.79.200,/api/data,500,2026-03-21 21:09:33.821655,221,2773.0,
10.0.91.2,/search,404,2026-03-21 21:09:33.821655,373,4129.0,
172.16.196.1,/profile,200,2026-03-21 21:09:34.162401,921,,
10.0.190.10,/checkout,200,2026-03-21 21:09:34.162822,643,,4.0
172.16.184.214,/checkout,200,2026-03-21 21:09:34.162822,629,,3.0
172.16.175.35,/api/data,200,2026-03-21 21:09:34.162822,406,,
172.16.119.147,/login,200,2026-03-21 21:09:34.276427,489,4795.0,
172.16.226.2,/api/data,200,2026-03-21 21:09:34.276427,760,617.0,
192.168.21.73,/login,200,2026-03-21 21:09:34.276427,414,,3.0
